Dreams-& Nightmares,Covert,AK-47-Nightwish,1515
Dreams-& Nightmares,Covert,MP9-Starlight-Protector,1516
Dreams-& Nightmares,Classified,Dual-Berettas-Melondrama,1512
Dreams-& Nightmares,Classified,MP7-Abyssal-Apparition,1514
Dreams-& Nightmares,Classified,FAMAS-Rapid-Eye-Movement,1513
Dreams-& Nightmares,Restricted,M4A1-S-Night-Terror,1509
Dreams-& Nightmares,Restricted,USP-S-Ticket-to-Hell,1511
Dreams-& Nightmares,Restricted,G3SG1-Dream-Glade,1508
Dreams-& Nightmares,Restricted,PP-Bizon-Space-Cat,1507
Dreams-& Nightmares,Restricted,XM1014-Zombie-Offensive,1510
Dreams-& Nightmares,Mil-Spec,Five-SeveN-Scrawl,1500
Dreams-& Nightmares,Mil-Spec,MAC-10-Ensnared,1501
Dreams-& Nightmares,Mil-Spec,MP5-SD-Necro-Jr,1503
Dreams-& Nightmares,Mil-Spec,P2000-Lifted-Spirits,1504
Dreams-& Nightmares,Mil-Spec,Sawed-Off-Spirit-Board,1506
Dreams-& Nightmares,Mil-Spec,MAG-7-Foresight,1502
Dreams-& Nightmares,Mil-Spec,SCAR-20-Poultrygeist,1505
